m3geq,m3
15.204377777777776,44.34606666666667
15.279933333333336,44.34058888888889
15.274322222222224,44.41462222222222
15.192244444444444,44.27081111111111
15.20898888888889,44.13965555555556
15.297111111111109,44.51116666666667
15.276188888888889,44.35035555555555
15.374377777777779,44.38513333333333
15.214144444444445,44.313266666666664
15.257444444444445,44.44949999999999
15.316355555555557,44.57461111111112
15.206277777777776,44.4024,
