m4geq,m4
20.53661111111111,52.25463333333333
20.6618,52.45768888888889
20.790544444444443,52.76767777777778
20.78033333333333,52.45477777777777
20.578400000000002,52.634033333333335
21.098933333333335,52.62904444444444
20.913844444444447,52.71831111111111
20.734911111111114,52.393344444444445
20.8717,52.515677777777775
20.777355555555555,52.86094444444445
20.792255555555553,53.11564444444445
20.639566666666667,52.15422222222222,
